Original_Studio,gross_sum,New_Studio,Manual_Check,Same_Name
Walt Disney Studios Motion Pictures,45778470596,Walt Disney Studios Motion Pictures,1,Walt Disney Studios Motion Pictures
Warner Bros.,43954693128,Warner Bros.,1,Warner Bros.
Universal Pictures,34479316617,Universal Pictures,1,Universal Pictures
Twentieth Century Fox,32106528308,Walt Disney Studios Motion Pictures,1,Twentieth Century Fox
Paramount Pictures,27231818074,ViacomCBS,1,Paramount Pictures
Sony Pictures Releasing,22547922281,Sony Pictures Releasing,1,Sony Pictures Releasing
Lionsgate,9423057433,Lionsgate,1,Lionsgate
New Line Cinema,7356654020,Warner Bros.,1,New Line Cinema
Metro-Goldwyn-Mayer (MGM),5678199188,Metro-Goldwyn-Mayer (MGM),1,Metro-Goldwyn-Mayer (MGM)
Columbia Pictures,4744325591,Sony Pictures Releasing,1,Columbia Pictures
DreamWorks,4729946947,DreamWorks,1,DreamWorks
Miramax,4354367532,Walt Disney Studios Motion Pictures,1,Miramax
DreamWorks Distribution,4283454047,DreamWorks,1,DreamWorks Distribution
TriStar Pictures,4078551654,Sony Pictures Releasing,1,TriStar Pictures
Screen Gems,2863682091,Sony Pictures Releasing,1,Screen Gems
Fox Searchlight Pictures,2676584930,Walt Disney Studios Motion Pictures,1,Twentieth Century Fox
Focus Features,2215579984,Universal Pictures,1,Focus Features
Orion Pictures,2191228596,Metro-Goldwyn-Mayer (MGM),1,Orion Pictures
Revolution Studios,2031089199,Revolution Studios,1,Revolution Studios
The Weinstein Company,1922850991,The Weinstein Company,1,The Weinstein Company
-,1808638222,,1,-
Summit Entertainment,1662296365,Lionsgate,1,Summit Entertainment
Sony Pictures Classics,1175339163,Sony Pictures Releasing,1,Sony Pictures Releasing
STX Entertainment,1063138459,STX Entertainment,1,STX Entertainment
United Artists,1050235293,Metro-Goldwyn-Mayer (MGM),1,United Artists
Dimension Films,1041617563,Lantern Entertainment,1,Dimension Films
Relativity Media,958089408,Relativity Media,1,Relativity Media
Open Road Films (II),758954427,Open Road Films (II),1,Open Road Films (II)
Roadside Attractions,487017929,Lionsgate,1,Roadside Attractions
Newmarket Films,472320366,Newmarket Films,1,Newmarket Films
A24,452194041,A24,1,A24
IFC Films,448956095,IFC Films,1,IFC Films
FilmDistrict,415995770,Universal Pictures,1,FilmDistrict
Gramercy Pictures (I),405527536,Universal Pictures,1,Gramercy Pictures (I)
IMAX,393039698,IMAX,1,IMAX
Artisan Entertainment,383135961,Lionsgate,1,Artisan Entertainment
The Samuel Goldwyn Company,367681046,The Samuel Goldwyn Company,1,The Samuel Goldwyn Company
Cannon Film Distributors,359665399,Cannon Film Distributors,1,Cannon Film Distributors
Overture Films,342698837,Overture Films,1,Overture Films
CBS Films,330306547,ViacomCBS,1,CBS Films
USA Films,317907764,Universal Pictures,1,USA Films
Rogue Pictures,290538542,Rogue Pictures,1,Rogue Pictures
Paramount Vantage,256469903,ViacomCBS,1,Paramount Vantage
New World Pictures,244327219,Walt Disney Studios Motion Pictures,1,New World Pictures
United Artists Releasing,210340105,Metro-Goldwyn-Mayer (MGM),1,United Artists Releasing
Fine Line Features,179499333,Warner Bros.,1,Fine Line Features
Freestyle Releasing,175753286,Entertainment Studios Motion Pictures,1,Freestyle Releasing
Warner Independent Pictures (WIP),171972564,Warner Bros.,1,Warner Bros.
Bleecker Street Media,167814539,Bleecker Street Media,1,Bleecker Street Media
Magnolia Pictures,162511250,2929 Entertainment,1,Magnolia Pictures
PolyGram,158609205,Universal Pictures,1,PolyGram
Fathom Events,152570964,Fathom Events,1,Fathom Events
Picturehouse,151433609,Picturehouse,1,Picturehouse
Eros International,141335577,Eros International,1,Eros International
Embassy Pictures,138172746,Embassy Pictures,1,Embassy Pictures
De Laurentiis Entertainment Group (DEG),134828521,De Laurentiis Entertainment Group (DEG),1,De Laurentiis Entertainment Group (DEG)
Entertainment Studios Motion Pictures,134104266,Entertainment Studios Motion Pictures,1,Entertainment Studios Motion Pictures
Atlantic Releasing Corporation,132183612,Atlantic Releasing Corporation,1,Atlantic Releasing Corporation
Pantelion Films,127047494,Lionsgate,1,Pantelion Films
Paramount Classics,126817034,ViacomCBS,1,Paramount Classics
Pure Flix Entertainment,116512395,Pure Flix Entertainment,1,Pure Flix Entertainment
Annapurna Pictures,105429587,Annapurna Pictures,1,Annapurna Pictures
Neon,103055558,Neon,1,Neon
Triumph Releasing Corporation,100672702,Sony Pictures Releasing,1,Triumph Releasing Corporation
October Films,97856864,Universal Pictures,1,October Films
IDP Distribution,92941546,The Samuel Goldwyn Company,1,IDP Distribution
Broad Green Pictures,92767990,Broad Green Pictures,1,Broad Green Pictures
UTV Motion Pictures,89291533,UTV Motion Pictures,1,UTV Motion Pictures
Vestron Pictures,88673376,Vestron Pictures,1,Vestron Pictures
MacGillivray Freeman Films,86889391,MacGillivray Freeman Films,1,MacGillivray Freeman Films
American International Pictures (AIP),86432000,"Filmways, Inc",1,American International Pictures (AIP)
Trimark Pictures,81414385,Lionsgate,1,Trimark Pictures
Aviron Pictures,77876566,Aviron Pictures,1,Aviron Pictures
BH Tilt,73251896,Blumhouse Productions,1,BH Tilt
Fox Atomic,69820771,Walt Disney Studios Motion Pictures,1,Twentieth Century Fox
National Geographic Entertainment,69720221,Walt Disney Studios Motion Pictures,1,National Geographic Entertainment
Music Box Films,65993131,Music Box Films,1,Music Box Films
Destination Films,65371630,Sony Pictures Releasing,1,Destination Films
Rocky Mountain Pictures,64379738,Rocky Mountain Pictures,1,Rocky Mountain Pictures
THINKFilm,62627691,THINKFilm,1,THINKFilm
Lorimar Motion Pictures,60679628,Warner Bros.,1,Lorimar Motion Pictures
Studio 8,59868369,Fosun,1,Studio 8
Affirm Films,58109628,Sony Pictures Releasing,1,Affirm Films
Yari Film Group Releasing,57428811,Yari Film Group Releasing,1,Yari Film Group Releasing
Crown,56530035,Crown,1,Crown
FUNimation Entertainment,56039316,Sony Pictures Releasing,1,FUNimation Entertainment
Alliance Atlantis Vivafilm,52382245,Alliance Atlantis Vivafilm,1,Alliance Atlantis Vivafilm
FIP,52006218,FIP,1,FIP
Amazon Studios,50610092,Amazon Studios,1,Amazon Studios
EuropaCorp,46155394,EuropaCorp,1,EuropaCorp
Well Go USA Entertainment,44395247,Well Go USA Entertainment,1,Well Go USA Entertainment
First Look International,43074122,First Look International,1,First Look International
Cinecom Pictures,41144234,Cinecom Pictures,1,Cinecom Pictures
New Century,40964839,New Century,1,New Century
Hemdale,38821473,Hemdale,0,Hemdale
Reliance Big Pictures,38242725,Reliance Big Pictures,0,Reliance Big Pictures
RADiUS-TWC,35861947,RADiUS-TWC,0,RADiUS-TWC
Orion Classics,32213613,Orion Classics,0,Orion Classics
Apparition,29941464,Apparition,0,Apparition
Clarius Entertainment,29111605,Clarius Entertainment,0,Clarius Entertainment
Zeitgeist Films,27283838,Zeitgeist Films,0,Zeitgeist Films
Entertainment One,27076493,Entertainment One,0,Entertainment One
Island Pictures,26965221,Island Pictures,0,Island Pictures
Cohen Media Group,24348364,Cohen Media Group,0,Cohen Media Group
Shorts International,24136197,Shorts International,0,Shorts International
China Lion Film Distribution,23825663,China Lion Film Distribution,0,China Lion Film Distribution
The Orchard,23076445,The Orchard,0,The Orchard
Great India Films,22849749,Great India Films,0,Great India Films
8x Entertainment,22721961,8x Entertainment,0,8x Entertainment
Oscilloscope,21049398,Oscilloscope,0,Oscilloscope
Millennium Entertainment,20682249,Millennium Entertainment,0,Millennium Entertainment
Avenue Pictures Productions,20247533,Avenue Pictures Productions,0,Avenue Pictures Productions
CJ Entertainment,20175488,CJ Entertainment,0,CJ Entertainment
Strand Releasing,18839553,Strand Releasing,0,Strand Releasing
Trafalgar Releasing,17896322,Trafalgar Releasing,0,Trafalgar Releasing
LD Entertainment,17075800,LD Entertainment,0,LD Entertainment
Anchor Bay Films,16593152,Anchor Bay Films,0,Anchor Bay Films
Island Alive,16058930,Island Alive,0,Island Alive
Odeon,15694175,Odeon,0,Odeon
SK Films,15478288,SK Films,0,SK Films
Skouras Pictures,15427997,Skouras Pictures,0,Skouras Pictures
GKIDS,15051830,GKIDS,0,GKIDS
Providence Entertainment,14970543,Providence Entertainment,0,Providence Entertainment
Abramorama,14761514,Abramorama,0,Abramorama
Excel Entertainment,14705254,Excel Entertainment,0,Excel Entertainment
Kino International,14065042,Kino International,0,Kino International
Empire Pictures,13656741,Empire Pictures,0,Empire Pictures
Purdie Distribution,13488800,Purdie Distribution,0,Purdie Distribution
Atlas Distribution Company,13230808,Atlas Distribution Company,0,Atlas Distribution Company
3D Entertainment,12995422,3D Entertainment,0,3D Entertainment
Concorde Pictures,12978239,Concorde Pictures,0,Concorde Pictures
Greenwich Entertainment,12702263,Greenwich Entertainment,0,Greenwich Entertainment
Dragon Dynasty,12044087,Dragon Dynasty,0,Dragon Dynasty
Vivendi Entertainment,11953732,Vivendi Entertainment,0,Vivendi Entertainment
Wellspring Media,11437551,Wellspring Media,0,Wellspring Media
Rialto Pictures,11271959,Rialto Pictures,0,Rialto Pictures
Kino Lorber,10773629,Kino Lorber,0,Kino Lorber
First Run,10464881,First Run,0,First Run
New Yorker Films,10462824,New Yorker Films,0,New Yorker Films
Christal Films,10029924,Christal Films,0,Christal Films
Giant Screen Films,9474793,Giant Screen Films,0,Giant Screen Films
Arc Entertainment,9277749,Arc Entertainment,0,Arc Entertainment
CMC Pictures,9259238,CMC Pictures,0,CMC Pictures
Codeblack Entertainment,9199601,Codeblack Entertainment,0,Codeblack Entertainment
Indican Pictures,9191290,Indican Pictures,0,Indican Pictures
R.S. Entertainment,8431308,R.S. Entertainment,0,R.S. Entertainment
Janus Films,8320697,Janus Films,0,Janus Films
Roxie Releasing,8265707,Roxie Releasing,0,Roxie Releasing
Saban Films,8212163,Saban Films,0,Saban Films
Cowboy Pictures,8168024,Cowboy Pictures,0,Cowboy Pictures
Adlabs Films,8006778,Adlabs Films,0,Adlabs Films
Palm Pictures,7836089,Palm Pictures,0,Palm Pictures
Blue Sky Cinema,7659321,Blue Sky Cinema,0,Blue Sky Cinema
Drafthouse Films,7385926,Drafthouse Films,0,Drafthouse Films
Good Deed Entertainment,7351865,Good Deed Entertainment,0,Good Deed Entertainment
Shadow Distribution,7247924,Shadow Distribution,0,Shadow Distribution
Rainbow Releasing,6970802,Rainbow Releasing,0,Rainbow Releasing
After Dark Films,6957250,After Dark Films,0,After Dark Films
Slowhand Cinema Releasing,6921103,Slowhand Cinema Releasing,0,Slowhand Cinema Releasing
Chicago Pictures,6881022,Chicago Pictures,0,Chicago Pictures
Screen Media Films,6714057,Screen Media Films,0,Screen Media Films
Taurus Entertainment Company,6698842,Taurus Entertainment Company,0,Taurus Entertainment Company
Lot 47 Films,6604556,Lot 47 Films,0,Lot 47 Films
Eleven Arts,6512761,Eleven Arts,0,Eleven Arts
Triton Pictures,6502770,Triton Pictures,0,Triton Pictures
International Film Circuit,6318043,International Film Circuit,0,International Film Circuit
Regent Releasing,6222273,Regent Releasing,0,Regent Releasing
GathrFilms,6136028,GathrFilms,0,GathrFilms
101 Studios,5979540,101 Studios,0,101 Studios
The Film Arcade,5968182,The Film Arcade,0,The Film Arcade
Electric Entertainment,5933105,Electric Entertainment,0,Electric Entertainment
Vertical Entertainment,5734484,Vertical Entertainment,0,Vertical Entertainment
Menemsha Films,5655258,Menemsha Films,0,Menemsha Films
Televisa Cine,5643296,Televisa Cine,0,Televisa Cine
The Bigger Picture,5582594,The Bigger Picture,0,The Bigger Picture
Cinelou Films,5551922,Cinelou Films,0,Cinelou Films
The Cinema Guild,5531014,The Cinema Guild,0,The Cinema Guild
Vitagraph Films,5401766,Vitagraph Films,0,Vitagraph Films
Corsair Pictures,5269711,Corsair Pictures,0,Corsair Pictures
Gunpowder & Sky,5151315,Gunpowder & Sky,0,Gunpowder & Sky
Trans World Entertainment (TWE),5105311,Trans World Entertainment (TWE),0,Trans World Entertainment (TWE)
Five & Two Pictures,5010821,Five & Two Pictures,0,Five & Two Pictures
Alive Films,4956392,Alive Films,0,Alive Films
FilmRise,4491520,FilmRise,0,FilmRise
GVN Releasing,4401620,GVN Releasing,0,GVN Releasing
Visio Entertainment,4373074,Visio Entertainment,0,Visio Entertainment
Film Movement,4290840,Film Movement,0,Film Movement
Empire Pictures Inc.,4243867,Empire Pictures Inc.,0,Empire Pictures Inc.
Cloud Ten Pictures,4224065,Cloud Ten Pictures,0,Cloud Ten Pictures
Variance Films,4097769,Variance Films,0,Variance Films
ArtAffects Entertainment,4090023,ArtAffects Entertainment,0,ArtAffects Entertainment
High Top Releasing,4022753,High Top Releasing,0,High Top Releasing
Spanglish Movies,3791181,Spanglish Movies,0,Spanglish Movies
Focus World,3785434,Focus World,0,Focus World
Screenvision,3568341,Screenvision,0,Screenvision
WinStar Cinema,3538498,WinStar Cinema,0,WinStar Cinema
Troma,3388910,Troma,0,Troma
Independent Artists,3386290,Independent Artists,0,Independent Artists
Artistic License,3339551,Artistic License,0,Artistic License
First National Film Corporation,3299382,First National Film Corporation,0,First National Film Corporation
Aries Films,3231644,Aries Films,0,Aries Films
TLA Releasing,3221791,TLA Releasing,0,TLA Releasing
Innovation Film Group (IFG),3079697,Innovation Film Group (IFG),0,Innovation Film Group (IFG)
Paladin,3047565,Paladin,0,Paladin
ATO Pictures,3025252,ATO Pictures,0,ATO Pictures
Castle Hill Productions,2988591,Castle Hill Productions,0,Castle Hill Productions
Tartan,2984644,Tartan,0,Tartan
Arenas Entertainment,2913787,Arenas Entertainment,0,Arenas Entertainment
Good Machine,2902845,Good Machine,0,Good Machine
Studio 18,2819546,Studio 18,0,Studio 18
Cinema Libre Studio,2773374,Cinema Libre Studio,0,Cinema Libre Studio
Avatar Films,2731703,Avatar Films,0,Avatar Films
Alchemy,2721412,Alchemy,0,Alchemy
The H Collective,2721100,The H Collective,0,The H Collective
IRS Media,2635538,IRS Media,0,IRS Media
Truly Indie,2624584,Truly Indie,0,Truly Indie
Thinking Man Films,2615461,Thinking Man Films,0,Thinking Man Films
Cinedigm Entertainment Group,2521532,Cinedigm Entertainment Group,0,Cinedigm Entertainment Group
Romar Entertainment,2409120,Romar Entertainment,0,Romar Entertainment
Submarine Deluxe,2379039,Submarine Deluxe,0,Submarine Deluxe
Amplify,2333212,Amplify,0,Amplify
EchoLight Studios,2329223,EchoLight Studios,0,EchoLight Studios
Tribeca Film,2314206,Tribeca Film,0,Tribeca Film
Strasson Group,2310625,Strasson Group,0,Strasson Group
PBS Distribution,2234383,PBS Distribution,0,PBS Distribution
Adopt Films,2179599,Adopt Films,0,Adopt Films
Koch Lorber Films,2095868,Koch Lorber Films,0,Koch Lorber Films
Area 23a,2085347,Area 23a,0,Area 23a
Vineyard Distribution,2025030,Vineyard Distribution,0,Vineyard Distribution
Imperial Entertainment,2001124,Imperial Entertainment,0,Imperial Entertainment
Emerging Pictures,1924286,Emerging Pictures,0,Emerging Pictures
Mongrel Media,1899969,Mongrel Media,0,Mongrel Media
Quaker Media,1891936,Quaker Media,0,Quaker Media
Gravitas Ventures,1883309,Gravitas Ventures,0,Gravitas Ventures
Hannover House,1859071,Hannover House,0,Hannover House
Distrib Films,1822339,Distrib Films,0,Distrib Films
Third Rail Releasing,1818170,Third Rail Releasing,0,Third Rail Releasing
Cineville,1731506,Cineville,0,Cineville
Libero,1706323,Libero,0,Libero
City Lights Pictures,1679968,City Lights Pictures,0,City Lights Pictures
Universal Home Video,1650000,Universal Home Video,0,Universal Home Video
First Independent Pictures,1597017,First Independent Pictures,0,First Independent Pictures
Monterey Media,1496599,Monterey Media,0,Monterey Media
Dada Films,1471475,Dada Films,0,Dada Films
Aascar Film,1449232,Aascar Film,0,Aascar Film
Seventh Art Releasing,1442309,Seventh Art Releasing,0,Seventh Art Releasing
Zipporah Films,1386657,Zipporah Films,0,Zipporah Films
Nocturnal Features,1371209,Nocturnal Features,0,Nocturnal Features
Tips,1352357,Tips,0,Tips
Video Sound,1342718,Video Sound,0,Video Sound
Four Seasons,1316495,Four Seasons,0,Four Seasons
Panorama Entertainment,1307122,Panorama Entertainment,0,Panorama Entertainment
Lorber Films,1294725,Lorber Films,0,Lorber Films
Balcony Releasing,1235480,Balcony Releasing,0,Balcony Releasing
Argot Pictures,1178777,Argot Pictures,0,Argot Pictures
Media Partners,1177927,Media Partners,0,Media Partners
CanZion Films,1155988,CanZion Films,0,CanZion Films
Milestone,1130077,Milestone,0,Milestone
Liberty Studios,1112592,Liberty Studios,0,Liberty Studios
SModcast Pictures,1104682,SModcast Pictures,0,SModcast Pictures
LifeWay Films,1102525,LifeWay Films,0,LifeWay Films
Kenn Viselman Presents,1065907,Kenn Viselman Presents,0,Kenn Viselman Presents
Ten Furlongs,1064454,Ten Furlongs,0,Ten Furlongs
Icarus Films,1062187,Icarus Films,0,Icarus Films
RCR Distribution,1034589,RCR Distribution,0,RCR Distribution
Republic Pictures (I),923418,Republic Pictures (I),0,Republic Pictures (I)
MAC Releasing,914711,MAC Releasing,0,MAC Releasing
Elephant Eye Films,910830,Elephant Eye Films,0,Elephant Eye Films
518 Media,895766,518 Media,0,518 Media
Candlelight Media Group,881787,Candlelight Media Group,0,Candlelight Media Group
Image Entertainment,879385,Image Entertainment,0,Image Entertainment
The Vladar Company,860119,The Vladar Company,0,The Vladar Company
Arrow Releasing,858111,Arrow Releasing,0,Arrow Releasing
Starz Digital Media,851623,Starz Digital Media,0,Starz Digital Media
Page 124 Productions,809590,Page 124 Productions,0,Page 124 Productions
Apollo Associates,770132,Apollo Associates,0,Apollo Associates
Arthouse Films,746157,Arthouse Films,0,Arthouse Films
NeoClassics Films,743675,NeoClassics Films,0,NeoClassics Films
The Film Desk,727034,The Film Desk,0,The Film Desk
Crane Movie Company,719556,Crane Movie Company,0,Crane Movie Company
Outrider Pictures,700617,Outrider Pictures,0,Outrider Pictures
Ketchup Entertainment,699167,Ketchup Entertainment,0,Ketchup Entertainment
Blue Fox Entertainment,698865,Blue Fox Entertainment,0,Blue Fox Entertainment
Sony Pictures Repertory,684254,Sony Pictures Releasing,1,Sony Pictures Releasing
Tugg,663775,Tugg,0,Tugg
Grasshopper Film,662509,Grasshopper Film,0,Grasshopper Film
ImaginAsian Pictures,642061,ImaginAsian Pictures,0,ImaginAsian Pictures
Pan Media & Entertainment,641492,Pan Media & Entertainment,0,Pan Media & Entertainment
Access Entertainment,634566,Access Entertainment,0,Access Entertainment
The Film Collaborative,622392,The Film Collaborative,0,The Film Collaborative
Maya Entertainment,619648,Maya Entertainment,0,Maya Entertainment
Northern Arts Entertainment,619250,Northern Arts Entertainment,0,Northern Arts Entertainment
RAM Entertainment,617236,RAM Entertainment,0,RAM Entertainment
Silver Nitrate,612001,Silver Nitrate,0,Silver Nitrate
Matson Films,605040,Matson Films,0,Matson Films
Caledonia Pictures,595505,Caledonia Pictures,0,Caledonia Pictures
Sundance Film Series,594032,Sundance Film Series,0,Sundance Film Series
ABKCO Films,591721,ABKCO Films,0,ABKCO Films
Long Shot Factory,589754,Long Shot Factory,0,Long Shot Factory
International Film Marketing,583800,International Film Marketing,0,International Film Marketing
1091 Media,578099,1091 Media,0,1091 Media
Outsider Films,567907,Outsider Films,0,Outsider Films
Ocean Avenue Entertainment,549185,Ocean Avenue Entertainment,0,Ocean Avenue Entertainment
American Experience Films,523749,American Experience Films,0,American Experience Films
Ciesla Foundation,519525,Ciesla Foundation,0,Ciesla Foundation
American Zoetrope,518522,American Zoetrope,0,American Zoetrope
Echo Bridge Entertainment,517185,Echo Bridge Entertainment,0,Echo Bridge Entertainment
Big World Pictures,504426,Big World Pictures,0,Big World Pictures
XLrator Media,498369,XLrator Media,0,XLrator Media
MPI Media Group,482573,MPI Media Group,0,MPI Media Group
Five Sisters Productions,469234,Five Sisters Productions,0,Five Sisters Productions
JBG Pictures,466505,JBG Pictures,0,JBG Pictures
Reliance Entertainment,461863,Reliance Entertainment,0,Reliance Entertainment
Cyan Pictures,425218,Cyan Pictures,0,Cyan Pictures
Bond/360,414470,Bond/360,0,Bond/360
Gaumont British Picture Corporation,411318,Gaumont British Picture Corporation,0,Gaumont British Picture Corporation
Fabrication Films,400102,Fabrication Films,0,Fabrication Films
Full Circle Releasing,397641,Full Circle Releasing,0,Full Circle Releasing
Loki Films,390019,Loki Films,0,Loki Films
Liberation Entertainment,387008,Liberation Entertainment,0,Liberation Entertainment
Lionsgate Premiere,380678,Lionsgate Premiere,0,Lionsgate Premiere
Cinema Purgatorio,375840,Cinema Purgatorio,0,Cinema Purgatorio
CMC Pictures Holdings,371396,CMC Pictures Holdings,0,CMC Pictures Holdings
Peace Film,369129,Peace Film,0,Peace Film
Expanded Entertainment,367789,Expanded Entertainment,0,Expanded Entertainment
Cinetel,363953,Cinetel,0,Cinetel
Phaedra Cinema,360882,Phaedra Cinema,0,Phaedra Cinema
Magic Lamp,353689,Magic Lamp,0,Magic Lamp
Blue Collar Releasing,352810,Blue Collar Releasing,0,Blue Collar Releasing
Sky Island Films,343775,Sky Island Films,0,Sky Island Films
Circle Films,336811,Circle Films,0,Circle Films
Arts Alliance America,321702,Arts Alliance America,0,Arts Alliance America
Banner Entertainment,318809,Banner Entertainment,0,Banner Entertainment
Forewarned,316554,Forewarned,0,Forewarned
Proud Mother Pictures,310110,Proud Mother Pictures,0,Proud Mother Pictures
Empowerment Project,309596,Empowerment Project,0,Empowerment Project
Turbulent Arts,301548,Turbulent Arts,0,Turbulent Arts
Senator Distribution,300000,Senator Distribution,0,Senator Distribution
Cinema Service,298347,Cinema Service,0,Cinema Service
Slugger Pictures,294758,Slugger Pictures,0,Slugger Pictures
JSC Entertainment,294039,JSC Entertainment,0,JSC Entertainment
Metrograph Pictures,281717,Metrograph Pictures,0,Metrograph Pictures
Outsider Pictures,280673,Outsider Pictures,0,Outsider Pictures
Midnight Movies,271000,Midnight Movies,0,Midnight Movies
Main Street Films,258656,Main Street Films,0,Main Street Films
Mitropoulos Films,258191,Mitropoulos Films,0,Mitropoulos Films
Arrow Films,255161,Arrow Films,0,Arrow Films
Super Chief Films,250992,Super Chief Films,0,Super Chief Films
Lovett Releasing,249564,Lovett Releasing,0,Lovett Releasing
Arab Film Distribution,245974,Arab Film Distribution,0,Arab Film Distribution
BritBox,240715,BritBox,0,BritBox
Sumerian Films,237708,Sumerian Films,0,Sumerian Films
Universal Classics,237000,Universal Classics,0,Universal Classics
CFI Releasing,236661,CFI Releasing,0,CFI Releasing
Unico Entertainment,235503,Unico Entertainment,0,Unico Entertainment
Arrival Pictures,230465,Arrival Pictures,0,Arrival Pictures
RBC Radio,229411,RBC Radio,0,RBC Radio
Tara Releasing,225628,Tara Releasing,0,Tara Releasing
Parallel Media,224409,Parallel Media,0,Parallel Media
Redwood Palms Pictures,224169,Redwood Palms Pictures,0,Redwood Palms Pictures
Films Philos,219874,Films Philos,0,Films Philos
FilmBuff,217508,FilmBuff,0,FilmBuff
Fair Trade Pictures,215185,Fair Trade Pictures,0,Fair Trade Pictures
Elevation Pictures,211941,Elevation Pictures,0,Elevation Pictures
Parade Deck Films,210885,Parade Deck Films,0,Parade Deck Films
7-57 Releasing,210625,7-57 Releasing,0,7-57 Releasing
Shooting Gallery,210148,Shooting Gallery,0,Shooting Gallery
Tentmakers Entertainment,209342,Tentmakers Entertainment,0,Tentmakers Entertainment
AVCO Embassy Pictures,200498,AVCO Embassy Pictures,0,AVCO Embassy Pictures
Warrior Poets Releasing,200009,Warrior Poets Releasing,0,Warrior Poets Releasing
Lightyear Entertainment,197872,Lightyear Entertainment,0,Lightyear Entertainment
Ariztical Entertainment,194334,Ariztical Entertainment,0,Ariztical Entertainment
Fourth and Broadway,193209,Fourth and Broadway,0,Fourth and Broadway
Film Collective,189942,Film Collective,0,Film Collective
Academy Entertainment,188476,Academy Entertainment,0,Academy Entertainment
Lantern Lane Entertainment,187404,Lantern Lane Entertainment,0,Lantern Lane Entertainment
Wolfe Releasing,182727,Wolfe Releasing,0,Wolfe Releasing
Luminous Velocity Releasing,181090,Luminous Velocity Releasing,0,Luminous Velocity Releasing
BBC Worldwide North America,181079,BBC Worldwide North America,0,BBC Worldwide North America
Goodbye Cruel Releasing,180575,Goodbye Cruel Releasing,0,Goodbye Cruel Releasing
First Stripe Productions,177204,First Stripe Productions,0,First Stripe Productions
Providence Film Partners,173820,Providence Film Partners,0,Providence Film Partners
Capelight Pictures,172987,Capelight Pictures,0,Capelight Pictures
Shout! Factory,168468,Shout! Factory,0,Shout! Factory
Priority Films,166620,Priority Films,0,Priority Films
Lang Films,164520,Lang Films,0,Lang Films
Mountain Top Releasing,163950,Mountain Top Releasing,0,Mountain Top Releasing
California Newsreel,161726,California Newsreel,0,California Newsreel
Tulip Pictures,158723,Tulip Pictures,0,Tulip Pictures
Palisades Tartan,158543,Palisades Tartan,0,Palisades Tartan
Phase 4 Films,156124,Phase 4 Films,0,Phase 4 Films
Under The Milky Way,153117,Under The Milky Way,0,Under The Milky Way
Motion Film Group,148994,Motion Film Group,0,Motion Film Group
Conglomerate Media,147175,Conglomerate Media,0,Conglomerate Media
Kindred Media Group,146860,Kindred Media Group,0,Kindred Media Group
Dark Coast Pictures,144680,Dark Coast Pictures,0,Dark Coast Pictures
Peninsula Films,144008,Peninsula Films,0,Peninsula Films
Manga,143355,Manga,0,Manga
New Films Cinema,138788,New Films Cinema,0,New Films Cinema
Meadowbrook Pictures,138262,Meadowbrook Pictures,0,Meadowbrook Pictures
Unitel Pictures,132920,Unitel Pictures,0,Unitel Pictures
Leisure Time Features,131830,Leisure Time Features,0,Leisure Time Features
Pioneer,130243,Pioneer,0,Pioneer
Geneon Entertainment,129135,Geneon Entertainment,0,Geneon Entertainment
Embrem Entertainment,125867,Embrem Entertainment,0,Embrem Entertainment
Noujaim Films,124244,Noujaim Films,0,Noujaim Films
Worldplay,118206,Worldplay,0,Worldplay
Illuminare Entertainment,117480,Illuminare Entertainment,0,Illuminare Entertainment
4th Row Films,117470,4th Row Films,0,4th Row Films
MUBI,117460,MUBI,0,MUBI
Rogers & Cowan/PMK,116763,Rogers & Cowan/PMK,0,Rogers & Cowan/PMK
Wildcat Releasing,116669,Wildcat Releasing,0,Wildcat Releasing
ArtMattan Productions,115007,ArtMattan Productions,0,ArtMattan Productions
Xenon Pictures,111911,Xenon Pictures,0,Xenon Pictures
Saboteur Media,108726,Saboteur Media,0,Saboteur Media
Carlotta Films,108284,Carlotta Films,0,Carlotta Films
Corinth Films,108041,Corinth Films,0,Corinth Films
In the Family,106996,In the Family,0,In the Family
Spark Media,106774,Spark Media,0,Spark Media
Great Point Media,104163,Great Point Media,0,Great Point Media
Gabriel's Messenger Films,103739,Gabriel's Messenger Films,0,Gabriel's Messenger Films
ADV Films,103391,ADV Films,0,ADV Films
IndieVest Pictures,102645,IndieVest Pictures,0,IndieVest Pictures
Utopia,101564,Utopia,0,Utopia
Janson Media,100403,Janson Media,0,Janson Media
Tidepoint Pictures,99199,Tidepoint Pictures,0,Tidepoint Pictures
Monument Releasing,99033,Monument Releasing,0,Monument Releasing
Reel Source,94161,Reel Source,0,Reel Source
Bandai,94060,Bandai,0,Bandai
Citizens United,93000,Citizens United,0,Citizens United
United Entertainment Partners,92696,United Entertainment Partners,0,United Entertainment Partners
Full Moon Pictures,91260,Full Moon Pictures,0,Full Moon Pictures
Mangusta Productions,90384,Mangusta Productions,0,Mangusta Productions
Typecast Releasing,89673,Typecast Releasing,0,Typecast Releasing
Brainstorm Media,88809,Brainstorm Media,0,Brainstorm Media
Home Box Office (HBO),87400,Home Box Office (HBO),0,Home Box Office (HBO)
Citadel Film Group,86858,Citadel Film Group,0,Citadel Film Group
Music Masala Films,85739,Music Masala Films,0,Music Masala Films
Norador Productions,82916,Norador Productions,0,Norador Productions
Flicker Alley,78425,Flicker Alley,0,Flicker Alley
Alluvial Film Company,77556,Alluvial Film Company,0,Alluvial Film Company
Ammo Content,77217,Ammo Content,0,Ammo Content
Vanish Films,72791,Vanish Films,0,Vanish Films
Round Hill Media,72476,Round Hill Media,0,Round Hill Media
Two Silks Releasing,71509,Two Silks Releasing,0,Two Silks Releasing
Small Island Films,69740,Small Island Films,0,Small Island Films
Breaking Glass Pictures,69224,Breaking Glass Pictures,0,Breaking Glass Pictures
Stone Five Studios,67665,Stone Five Studios,0,Stone Five Studios
House Lights Media,66726,House Lights Media,0,House Lights Media
Ocean Releasing,62186,Ocean Releasing,0,Ocean Releasing
InterPositive Media,60332,InterPositive Media,0,InterPositive Media
Myriad Pictures,58669,Myriad Pictures,0,Myriad Pictures
Dreamwest Pictures,57759,Dreamwest Pictures,0,Dreamwest Pictures
Driving With Our Eyes Shut,57725,Driving With Our Eyes Shut,0,Driving With Our Eyes Shut
Sidetrack Films,56386,Sidetrack Films,0,Sidetrack Films
120 Degree Films,56127,120 Degree Films,0,120 Degree Films
Gorilla Factory Productions,55398,Gorilla Factory Productions,0,Gorilla Factory Productions
National Amusements,54965,National Amusements,0,National Amusements
Walking Shadows,54645,Walking Shadows,0,Walking Shadows
Tilapia Film,53471,Tilapia Film,0,Tilapia Film
Grassroots Films,52296,Grassroots Films,0,Grassroots Films
Sundance Selects,50203,Sundance Selects,0,Sundance Selects
21st Century Film Production,50090,21st Century Film Production,0,21st Century Film Production
Rocket Releasing,50053,Rocket Releasing,0,Rocket Releasing
Quadratic Media,50020,Quadratic Media,0,Quadratic Media
Fader Films,49940,Fader Films,0,Fader Films
Truth Aid,49667,Truth Aid,0,Truth Aid
Spacey,49591,Spacey,0,Spacey
Participant,49482,Participant,0,Participant
New American Vision,49037,New American Vision,0,New American Vision
Olive Films,48036,Olive Films,0,Olive Films
S2BN Films,47718,S2BN Films,0,S2BN Films
Carusel,47699,Carusel,0,Carusel
Thread Cross Films,47243,Thread Cross Films,0,Thread Cross Films
Wave Releasing,47071,Wave Releasing,0,Wave Releasing
Rockstone Releasing,46777,Rockstone Releasing,0,Rockstone Releasing
Le Petit Canyon,46437,Le Petit Canyon,0,Le Petit Canyon
Fine Line Media,45680,Fine Line Media,0,Fine Line Media
Original Cinema,45488,Original Cinema,0,Original Cinema
Shotown Pictures,45177,Shotown Pictures,0,Shotown Pictures
Darius Films,44462,Darius Films,0,Darius Films
ISA Releasing,44287,ISA Releasing,0,ISA Releasing
Cartuna,44230,Cartuna,0,Cartuna
Waldo West Productions,43907,Waldo West Productions,0,Waldo West Productions
Doppelganger Releasing,43751,Doppelganger Releasing,0,Doppelganger Releasing
Rumur Releasing,42613,Rumur Releasing,0,Rumur Releasing
Eammon Films,40952,Eammon Films,0,Eammon Films
Comedy Dynamics,40513,Comedy Dynamics,0,Comedy Dynamics
New Love Films,40181,New Love Films,0,New Love Films
Success Films,39200,Success Films,0,Success Films
Onyx Films,39033,Onyx Films,0,Onyx Films
The World According to Shorts,38381,The World According to Shorts,0,The World According to Shorts
Cinema Tropical,38284,Cinema Tropical,0,Cinema Tropical
Transatlantic,36885,Transatlantic,0,Transatlantic
Linn Productions,35839,Linn Productions,0,Linn Productions
At Risk Films,35413,At Risk Films,0,At Risk Films
108 Pics,35100,108 Pics,0,108 Pics
Viz Media,34424,Viz Media,0,Viz Media
Cavalier Films,34068,Cavalier Films,0,Cavalier Films
Halo8 Releasing,34000,Halo8 Releasing,0,Halo8 Releasing
Women Make Movies,33312,Women Make Movies,0,Women Make Movies
Active Fox Productions,32956,Active Fox Productions,0,Active Fox Productions
Altered Innocence,32516,Altered Innocence,0,Altered Innocence
Sceneries Distribution,31738,Sceneries Distribution,0,Sceneries Distribution
Newcity,31551,Newcity,0,Newcity
Moving Visions Entertainment,30104,Moving Visions Entertainment,0,Moving Visions Entertainment
Mypheduh Films,30071,Mypheduh Films,0,Mypheduh Films
Cinipix,29863,Cinipix,0,Cinipix
MCR Releasing,29796,MCR Releasing,0,MCR Releasing
Cinema Four,29786,Cinema Four,0,Cinema Four
25th Frame,29495,25th Frame,0,25th Frame
MSK Productions,28643,MSK Productions,0,MSK Productions
Roebuck Media,27565,Roebuck Media,0,Roebuck Media
TriCoast Worldwide,27485,TriCoast Worldwide,0,TriCoast Worldwide
Organic Pictures,27157,Organic Pictures,0,Organic Pictures
Trela Media,27052,Trela Media,0,Trela Media
Sagewood Cinema Ventures,26859,Sagewood Cinema Ventures,0,Sagewood Cinema Ventures
RKO Radio Pictures,25032,RKO Radio Pictures,0,RKO Radio Pictures
Steelyard Pictures,25000,Steelyard Pictures,0,Steelyard Pictures
Stand Up Films,24110,Stand Up Films,0,Stand Up Films
The Movie Partners,23616,The Movie Partners,0,The Movie Partners
Streetlight Films,23470,Streetlight Films,0,Streetlight Films
Riot Studios,23419,Riot Studios,0,Riot Studios
Quixotic Media,22938,Quixotic Media,0,Quixotic Media
Cabin Films,22539,Cabin Films,0,Cabin Films
Striped Entertainment,22395,Striped Entertainment,0,Striped Entertainment
Red Dirt Pictures,22267,Red Dirt Pictures,0,Red Dirt Pictures
Idle Wild Films,22257,Idle Wild Films,0,Idle Wild Films
Unison Films,22251,Unison Films,0,Unison Films
Watchman Pictures,22167,Watchman Pictures,0,Watchman Pictures
Skylight Pictures,20055,Skylight Pictures,0,Skylight Pictures
GoGoGo Entertainment,19908,GoGoGo Entertainment,0,GoGoGo Entertainment
NoCoast Artists,19463,NoCoast Artists,0,NoCoast Artists
Wonder Vision,18654,Wonder Vision,0,Wonder Vision
Follow Your Nose Films,18558,Follow Your Nose Films,0,Follow Your Nose Films
El Tigre,18399,El Tigre,0,El Tigre
Joma Films,18356,Joma Films,0,Joma Films
Gigapix Releasing,18193,Gigapix Releasing,0,Gigapix Releasing
Media Blasters,18062,Media Blasters,0,Media Blasters
WRA Productions,18051,WRA Productions,0,WRA Productions
Kartemquin Films,17306,Kartemquin Films,0,Kartemquin Films
Hey Jude Productions,17099,Hey Jude Productions,0,Hey Jude Productions
Clay Way Media,16901,Clay Way Media,0,Clay Way Media
Dutchmen Films,16011,Dutchmen Films,0,Dutchmen Films
Gabriel Film Group,15900,Gabriel Film Group,0,Gabriel Film Group
Yellow Veil Pictures,15849,Yellow Veil Pictures,0,Yellow Veil Pictures
Atopia,15839,Atopia,0,Atopia
600 West Productions,15610,600 West Productions,0,600 West Productions
Delaware Pictures,15514,Delaware Pictures,0,Delaware Pictures
FilmDemic,15005,FilmDemic,0,FilmDemic
SingularDTV,14905,SingularDTV,0,SingularDTV
Cockeyed Caravan,14831,Cockeyed Caravan,0,Cockeyed Caravan
HP Releasing,14804,HP Releasing,0,HP Releasing
The 7th Floor,14756,The 7th Floor,0,The 7th Floor
GoDigital,14615,GoDigital,0,GoDigital
All Rise Films,14457,All Rise Films,0,All Rise Films
Rogue Arts,14401,Rogue Arts,0,Rogue Arts
The Ashton Times,14360,The Ashton Times,0,The Ashton Times
Datari Turner Productions,13546,Datari Turner Productions,0,Datari Turner Productions
Barking Cow Media Group,13385,Barking Cow Media Group,0,Barking Cow Media Group
PFM,13128,PFM,0,PFM
7A Productions,13093,7A Productions,0,7A Productions
Tostie Productions,13080,Tostie Productions,0,Tostie Productions
Diversa Films,12959,Diversa Films,0,Diversa Films
Cinemax,12798,Cinemax,0,Cinemax
Revolver Entertainment,12628,Revolver Entertainment,0,Revolver Entertainment
Mile End Films,12306,Mile End Films,0,Mile End Films
Fork Films,12267,Fork Films,0,Fork Films
Prime Media Pictures,12077,Prime Media Pictures,0,Prime Media Pictures
High Cotton Films,11975,High Cotton Films,0,High Cotton Films
Mandt Bros. Productions,11951,Mandt Bros. Productions,0,Mandt Bros. Productions
Aliquot Films,11799,Aliquot Films,0,Aliquot Films
Sony Pictures Home Entertainment,11729,Sony Pictures Releasing,1,Sony Pictures Releasing
Loop Filmworks,11305,Loop Filmworks,0,Loop Filmworks
Mr. Pictures,11257,Mr. Pictures,0,Mr. Pictures
Newport Films,11001,Newport Films,0,Newport Films
Attitude Films,10720,Attitude Films,0,Attitude Films
Bonfire Films of America,10645,Bonfire Films of America,0,Bonfire Films of America
Silver Plane Films,10629,Silver Plane Films,0,Silver Plane Films
Two Moon Releasing,10535,Two Moon Releasing,0,Two Moon Releasing
Lafayette Films,10310,Lafayette Films,0,Lafayette Films
Dinsdale Releasing,10289,Dinsdale Releasing,0,Dinsdale Releasing
Sumbadhat Productions,9914,Sumbadhat Productions,0,Sumbadhat Productions
Inspired Life,9811,Inspired Life,0,Inspired Life
Osiris Entertainment,9652,Osiris Entertainment,0,Osiris Entertainment
26 Aries,9522,26 Aries,0,26 Aries
Manifesto Films,9377,Manifesto Films,0,Manifesto Films
Delphi Film Foundation,9376,Delphi Film Foundation,0,Delphi Film Foundation
Vanguardia Films,9338,Vanguardia Films,0,Vanguardia Films
Pro-Motion Pictures,9004,Pro-Motion Pictures,0,Pro-Motion Pictures
Direct Cinema Limited,8350,Direct Cinema Limited,0,Direct Cinema Limited
D Street Releasing,8340,D Street Releasing,0,D Street Releasing
Spats Films,8329,Spats Films,0,Spats Films
Miracle Film Distribution,8018,Miracle Film Distribution,0,Miracle Film Distribution
Microangelo Entertainment,7763,Microangelo Entertainment,0,Microangelo Entertainment
Engel Entertainment,7718,Engel Entertainment,0,Engel Entertainment
Gold Cap Films,7373,Gold Cap Films,0,Gold Cap Films
Green Forest Films,7075,Green Forest Films,0,Green Forest Films
The Documentary Group,6795,The Documentary Group,0,The Documentary Group
Red Envelope Entertainment,6670,Red Envelope Entertainment,0,Red Envelope Entertainment
Radio London Films,6404,Radio London Films,0,Radio London Films
Hansen Entertainment,6220,Hansen Entertainment,0,Hansen Entertainment
Social Media Productions,6123,Social Media Productions,0,Social Media Productions
Boxcar Films,5902,Boxcar Films,0,Boxcar Films
Fox Trail Productions,5875,Fox Trail Productions,0,Fox Trail Productions
Aspiration Entertainment,5700,Aspiration Entertainment,0,Aspiration Entertainment
HB Filmworks,5444,HB Filmworks,0,HB Filmworks
The Only Real Game Movie,5384,The Only Real Game Movie,0,The Only Real Game Movie
Kinobild Releasing,5154,Kinobild Releasing,0,Kinobild Releasing
Hanover Multimedia,4950,Hanover Multimedia,0,Hanover Multimedia
Frontier Films,4779,Frontier Films,0,Frontier Films
The American Film Company,4646,The American Film Company,0,The American Film Company
Reel One Entertainment,4584,Reel One Entertainment,0,Reel One Entertainment
28 Entertainment,4254,28 Entertainment,0,28 Entertainment
Lonely Seal Releasing,3935,Lonely Seal Releasing,0,Lonely Seal Releasing
Plainview Pictures,3804,Plainview Pictures,0,Plainview Pictures
Dark Frames,3778,Dark Frames,0,Dark Frames
North Poplar Pictures,3763,North Poplar Pictures,0,North Poplar Pictures
Gravity Arch,3731,Gravity Arch,0,Gravity Arch
Scarlet Sky Productions,3648,Scarlet Sky Productions,0,Scarlet Sky Productions
Plexifilm,3604,Plexifilm,0,Plexifilm
Brothers' Ink Productions,3496,Brothers' Ink Productions,0,Brothers' Ink Productions
Cortelyou Films,3412,Cortelyou Films,0,Cortelyou Films
Four Eyed Monsters,3135,Four Eyed Monsters,0,Four Eyed Monsters
Dog Lover's Symphony,2968,Dog Lover's Symphony,0,Dog Lover's Symphony
Cinema Village Features,2554,Cinema Village Features,0,Cinema Village Features
Cheapo Films,2500,Cheapo Films,0,Cheapo Films
Tag Entertainment,2462,Tag Entertainment,0,Tag Entertainment
Synergetic Distribution,2367,Synergetic Distribution,0,Synergetic Distribution
Bullz Eye Productions,2268,Bullz Eye Productions,0,Bullz Eye Productions
Artsploitation Films,2255,Artsploitation Films,0,Artsploitation Films
Hummingbird Pictures,2216,Hummingbird Pictures,0,Hummingbird Pictures
Reactor 88 Studios,2207,Reactor 88 Studios,0,Reactor 88 Studios
Feature Presentations Releasing,2000,Feature Presentations Releasing,0,Feature Presentations Releasing
Lumiere Productions,1884,Lumiere Productions,0,Lumiere Productions
Zell-Koj Studio,1739,Zell-Koj Studio,0,Zell-Koj Studio
MarVista Entertainment,1598,MarVista Entertainment,0,MarVista Entertainment
Monarch,1590,Monarch,0,Monarch
Running Entertainment,1570,Running Entertainment,0,Running Entertainment
Blackrock Films,1532,Blackrock Films,0,Blackrock Films
Boll Films,1500,Boll Films,0,Boll Films
Kathi Arts,1416,Kathi Arts,0,Kathi Arts
Oilrag Productions,831,Oilrag Productions,0,Oilrag Productions
Phantom Pain Films,418,Phantom Pain Films,0,Phantom Pain Films
Check Entertainment,100,Check Entertainment,0,Check Entertainment
